微信昵称,性别,省,市,头像,姓名,电话
微信昵称,性别,省,市,头像,姓名,电话
微信昵称,性别,省,市,头像,姓名,电话
微信昵称,性别,省,市,头像,姓名,电话
微信昵称,性别,省,市,头像,姓名,电话
微信昵称,性别,省,市,头像,姓名,电话
微信昵称,性别,省,市,头像,姓名,电话
微信昵称,性别,省,市,头像,姓名,电话
微信昵称,性别,省,市,头像,姓名,电话
微信昵称,性别,省,市,头像,姓名,电话
微信昵称,性别,省,市,头像,姓名,电话
微信昵称,性别,省,市,头像,姓名,电话
微信昵称,性别,省,市,头像,姓名,电话
微信昵称,性别,省,市,头像,姓名,电话
微信昵称,性别,省,市,头像,姓名,电话
微信昵称,性别,省,市,头像,姓名,电话
微信昵称,性别,省,市,头像,姓名,电话
微信昵称,性别,省,市,头像,姓名,电话
微信昵称,性别,省,市,头像,姓名,电话
微信昵称,性别,省,市,头像,姓名,电话
微信昵称,性别,省,市,头像,姓名,电话
微信昵称,性别,省,市,头像,姓名,电话
微信昵称,性别,省,市,头像,姓名,电话
微信昵称,性别,省,市,头像,姓名,电话
微信昵称,性别,省,市,头像,姓名,电话
微信昵称,性别,省,市,头像,姓名,电话
微信昵称,性别,省,市,头像,姓名,电话
微信昵称,性别,省,市,头像,姓名,电话
微信昵称,性别,省,市,头像,姓名,电话
微信昵称,性别,省,市,头像,姓名,电话
微信昵称,性别,省,市,头像,姓名,电话
微信昵称,性别,省,市,头像,姓名,电话
微信昵称,性别,省,市,头像,姓名,电话
微信昵称,性别,省,市,头像,姓名,电话
微信昵称,性别,省,市,头像,姓名,电话
微信昵称,性别,省,市,头像,姓名,电话
微信昵称,性别,省,市,头像,姓名,电话
微信昵称,性别,省,市,头像,姓名,电话
微信昵称,性别,省,市,头像,姓名,电话
微信昵称,性别,省,市,头像,姓名,电话
微信昵称,性别,省,市,头像,姓名,电话
微信昵称,性别,省,市,头像,姓名,电话
微信昵称,性别,省,市,头像,姓名,电话
微信昵称,性别,省,市,头像,姓名,电话
微信昵称,性别,省,市,头像,姓名,电话
微信昵称,性别,省,市,头像,姓名,电话
微信昵称,性别,省,市,头像,姓名,电话
微信昵称,性别,省,市,头像,姓名,电话
微信昵称,性别,省,市,头像,姓名,电话
微信昵称,性别,省,市,头像,姓名,电话
微信昵称,性别,省,市,头像,姓名,电话
微信昵称,性别,省,市,头像,姓名,电话
微信昵称,性别,省,市,头像,姓名,电话
微信昵称,性别,省,市,头像,姓名,电话
微信昵称,性别,省,市,头像,姓名,电话
微信昵称,性别,省,市,头像,姓名,电话
微信昵称,性别,省,市,头像,姓名,电话
微信昵称,性别,省,市,头像,姓名,电话
微信昵称,性别,省,市,头像,姓名,电话
微信昵称,性别,省,市,头像,姓名,电话
微信昵称,性别,省,市,头像,姓名,电话
微信昵称,性别,省,市,头像,姓名,电话
微信昵称,性别,省,市,头像,姓名,电话
微信昵称,性别,省,市,头像,姓名,电话
微信昵称,性别,省,市,头像,姓名,电话
微信昵称,性别,省,市,头像,姓名,电话
微信昵称,性别,省,市,头像,姓名,电话
微信昵称,性别,省,市,头像,姓名,电话
微信昵称,性别,省,市,头像,姓名,电话
微信昵称,性别,省,市,头像,姓名,电话
微信昵称,性别,省,市,头像,姓名,电话
微信昵称,性别,省,市,头像,姓名,电话
微信昵称,性别,省,市,头像,姓名,电话
微信昵称,性别,省,市,头像,姓名,电话
微信昵称,性别,省,市,头像,姓名,电话
微信昵称,性别,省,市,头像,姓名,电话
微信昵称,性别,省,市,头像,姓名,电话
微信昵称,性别,省,市,头像,姓名,电话
微信昵称,性别,省,市,头像,姓名,电话
微信昵称,性别,省,市,头像,姓名,电话
微信昵称,性别,省,市,头像,姓名,电话
微信昵称,性别,省,市,头像,姓名,电话
微信昵称,性别,省,市,头像,姓名,电话
微信昵称,性别,省,市,头像,姓名,电话
微信昵称,性别,省,市,头像,姓名,电话
微信昵称,性别,省,市,头像,姓名,电话
微信昵称,性别,省,市,头像,姓名,电话
微信昵称,性别,省,市,头像,姓名,电话
微信昵称,性别,省,市,头像,姓名,电话
微信昵称,性别,省,市,头像,姓名,电话
微信昵称,性别,省,市,头像,姓名,电话
微信昵称,性别,省,市,头像,姓名,电话
微信昵称,性别,省,市,头像,姓名,电话
微信昵称,性别,省,市,头像,姓名,电话
微信昵称,性别,省,市,头像,姓名,电话
微信昵称,性别,省,市,头像,姓名,电话
微信昵称,性别,省,市,头像,姓名,电话
微信昵称,性别,省,市,头像,姓名,电话
微信昵称,性别,省,市,头像,姓名,电话
微信昵称,性别,省,市,头像,姓名,电话
微信昵称,性别,省,市,头像,姓名,电话
微信昵称,性别,省,市,头像,姓名,电话
微信昵称,性别,省,市,头像,姓名,电话
微信昵称,性别,省,市,头像,姓名,电话
微信昵称,性别,省,市,头像,姓名,电话
微信昵称,性别,省,市,头像,姓名,电话
微信昵称,性别,省,市,头像,姓名,电话
微信昵称,性别,省,市,头像,姓名,电话
微信昵称,性别,省,市,头像,姓名,电话
微信昵称,性别,省,市,头像,姓名,电话
微信昵称,性别,省,市,头像,姓名,电话
微信昵称,性别,省,市,头像,姓名,电话
微信昵称,性别,省,市,头像,姓名,电话
微信昵称,性别,省,市,头像,姓名,电话
微信昵称,性别,省,市,头像,姓名,电话
微信昵称,性别,省,市,头像,姓名,电话
微信昵称,性别,省,市,头像,姓名,电话
微信昵称,性别,省,市,头像,姓名,电话
微信昵称,性别,省,市,头像,姓名,电话
微信昵称,性别,省,市,头像,姓名,电话
微信昵称,性别,省,市,头像,姓名,电话
微信昵称,性别,省,市,头像,姓名,电话
微信昵称,性别,省,市,头像,姓名,电话
微信昵称,性别,省,市,头像,姓名,电话
微信昵称,性别,省,市,头像,姓名,电话
微信昵称,性别,省,市,头像,姓名,电话
微信昵称,性别,省,市,头像,姓名,电话
微信昵称,性别,省,市,头像,姓名,电话
微信昵称,性别,省,市,头像,姓名,电话
微信昵称,性别,省,市,头像,姓名,电话
微信昵称,性别,省,市,头像,姓名,电话
微信昵称,性别,省,市,头像,姓名,电话
微信昵称,性别,省,市,头像,姓名,电话
微信昵称,性别,省,市,头像,姓名,电话
微信昵称,性别,省,市,头像,姓名,电话
微信昵称,性别,省,市,头像,姓名,电话
微信昵称,性别,省,市,头像,姓名,电话
微信昵称,性别,省,市,头像,姓名,电话
微信昵称,性别,省,市,头像,姓名,电话
微信昵称,性别,省,市,头像,姓名,电话
微信昵称,性别,省,市,头像,姓名,电话
微信昵称,性别,省,市,头像,姓名,电话
微信昵称,性别,省,市,头像,姓名,电话
微信昵称,性别,省,市,头像,姓名,电话
微信昵称,性别,省,市,头像,姓名,电话
微信昵称,性别,省,市,头像,姓名,电话
微信昵称,性别,省,市,头像,姓名,电话
微信昵称,性别,省,市,头像,姓名,电话
微信昵称,性别,省,市,头像,姓名,电话
微信昵称,性别,省,市,头像,姓名,电话
微信昵称,性别,省,市,头像,姓名,电话
微信昵称,性别,省,市,头像,姓名,电话
微信昵称,性别,省,市,头像,姓名,电话
微信昵称,性别,省,市,头像,姓名,电话
微信昵称,性别,省,市,头像,姓名,电话
微信昵称,性别,省,市,头像,姓名,电话
微信昵称,性别,省,市,头像,姓名,电话
微信昵称,性别,省,市,头像,姓名,电话
微信昵称,性别,省,市,头像,姓名,电话
微信昵称,性别,省,市,头像,姓名,电话
微信昵称,性别,省,市,头像,姓名,电话
微信昵称,性别,省,市,头像,姓名,电话
微信昵称,性别,省,市,头像,姓名,电话
微信昵称,性别,省,市,头像,姓名,电话
微信昵称,性别,省,市,头像,姓名,电话
微信昵称,性别,省,市,头像,姓名,电话
微信昵称,性别,省,市,头像,姓名,电话
微信昵称,性别,省,市,头像,姓名,电话
微信昵称,性别,省,市,头像,姓名,电话
微信昵称,性别,省,市,头像,姓名,电话
微信昵称,性别,省,市,头像,姓名,电话
微信昵称,性别,省,市,头像,姓名,电话
微信昵称,性别,省,市,头像,姓名,电话
微信昵称,性别,省,市,头像,姓名,电话
微信昵称,性别,省,市,头像,姓名,电话
微信昵称,性别,省,市,头像,姓名,电话
微信昵称,性别,省,市,头像,姓名,电话
微信昵称,性别,省,市,头像,姓名,电话
微信昵称,性别,省,市,头像,姓名,电话
微信昵称,性别,省,市,头像,姓名,电话
微信昵称,性别,省,市,头像,姓名,电话
微信昵称,性别,省,市,头像,姓名,电话
微信昵称,性别,省,市,头像,姓名,电话
微信昵称,性别,省,市,头像,姓名,电话
微信昵称,性别,省,市,头像,姓名,电话
微信昵称,性别,省,市,头像,姓名,电话
微信昵称,性别,省,市,头像,姓名,电话
微信昵称,性别,省,市,头像,姓名,电话
微信昵称,性别,省,市,头像,姓名,电话
微信昵称,性别,省,市,头像,姓名,电话
微信昵称,性别,省,市,头像,姓名,电话
微信昵称,性别,省,市,头像,姓名,电话
微信昵称,性别,省,市,头像,姓名,电话
微信昵称,性别,省,市,头像,姓名,电话
微信昵称,性别,省,市,头像,姓名,电话
微信昵称,性别,省,市,头像,姓名,电话
微信昵称,性别,省,市,头像,姓名,电话
微信昵称,性别,省,市,头像,姓名,电话
微信昵称,性别,省,市,头像,姓名,电话
微信昵称,性别,省,市,头像,姓名,电话
微信昵称,性别,省,市,头像,姓名,电话
微信昵称,性别,省,市,头像,姓名,电话
微信昵称,性别,省,市,头像,姓名,电话
微信昵称,性别,省,市,头像,姓名,电话
微信昵称,性别,省,市,头像,姓名,电话
微信昵称,性别,省,市,头像,姓名,电话
微信昵称,性别,省,市,头像,姓名,电话
微信昵称,性别,省,市,头像,姓名,电话
微信昵称,性别,省,市,头像,姓名,电话
微信昵称,性别,省,市,头像,姓名,电话
微信昵称,性别,省,市,头像,姓名,电话
微信昵称,性别,省,市,头像,姓名,电话
微信昵称,性别,省,市,头像,姓名,电话
微信昵称,性别,省,市,头像,姓名,电话
微信昵称,性别,省,市,头像,姓名,电话
微信昵称,性别,省,市,头像,姓名,电话
微信昵称,性别,省,市,头像,姓名,电话
微信昵称,性别,省,市,头像,姓名,电话
微信昵称,性别,省,市,头像,姓名,电话
微信昵称,性别,省,市,头像,姓名,电话
微信昵称,性别,省,市,头像,姓名,电话
微信昵称,性别,省,市,头像,姓名,电话
微信昵称,性别,省,市,头像,姓名,电话
微信昵称,性别,省,市,头像,姓名,电话
微信昵称,性别,省,市,头像,姓名,电话
微信昵称,性别,省,市,头像,姓名,电话
微信昵称,性别,省,市,头像,姓名,电话
微信昵称,性别,省,市,头像,姓名,电话
微信昵称,性别,省,市,头像,姓名,电话
微信昵称,性别,省,市,头像,姓名,电话
微信昵称,性别,省,市,头像,姓名,电话
微信昵称,性别,省,市,头像,姓名,电话
微信昵称,性别,省,市,头像,姓名,电话
微信昵称,性别,省,市,头像,姓名,电话
微信昵称,性别,省,市,头像,姓名,电话
微信昵称,性别,省,市,头像,姓名,电话
微信昵称,性别,省,市,头像,姓名,电话
微信昵称,性别,省,市,头像,姓名,电话
微信昵称,性别,省,市,头像,姓名,电话
微信昵称,性别,省,市,头像,姓名,电话
微信昵称,性别,省,市,头像,姓名,电话
微信昵称,性别,省,市,头像,姓名,电话
微信昵称,性别,省,市,头像,姓名,电话
微信昵称,性别,省,市,头像,姓名,电话
微信昵称,性别,省,市,头像,姓名,电话
微信昵称,性别,省,市,头像,姓名,电话
微信昵称,性别,省,市,头像,姓名,电话
微信昵称,性别,省,市,头像,姓名,电话
微信昵称,性别,省,市,头像,姓名,电话
微信昵称,性别,省,市,头像,姓名,电话
微信昵称,性别,省,市,头像,姓名,电话
微信昵称,性别,省,市,头像,姓名,电话
微信昵称,性别,省,市,头像,姓名,电话
微信昵称,性别,省,市,头像,姓名,电话
微信昵称,性别,省,市,头像,姓名,电话
微信昵称,性别,省,市,头像,姓名,电话
微信昵称,性别,省,市,头像,姓名,电话
微信昵称,性别,省,市,头像,姓名,电话
微信昵称,性别,省,市,头像,姓名,电话
微信昵称,性别,省,市,头像,姓名,电话
微信昵称,性别,省,市,头像,姓名,电话
微信昵称,性别,省,市,头像,姓名,电话
微信昵称,性别,省,市,头像,姓名,电话
微信昵称,性别,省,市,头像,姓名,电话
微信昵称,性别,省,市,头像,姓名,电话
微信昵称,性别,省,市,头像,姓名,电话
微信昵称,性别,省,市,头像,姓名,电话
微信昵称,性别,省,市,头像,姓名,电话
微信昵称,性别,省,市,头像,姓名,电话
微信昵称,性别,省,市,头像,姓名,电话
微信昵称,性别,省,市,头像,姓名,电话
微信昵称,性别,省,市,头像,姓名,电话
微信昵称,性别,省,市,头像,姓名,电话
微信昵称,性别,省,市,头像,姓名,电话
微信昵称,性别,省,市,头像,姓名,电话
微信昵称,性别,省,市,头像,姓名,电话
微信昵称,性别,省,市,头像,姓名,电话
微信昵称,性别,省,市,头像,姓名,电话
微信昵称,性别,省,市,头像,姓名,电话
微信昵称,性别,省,市,头像,姓名,电话
微信昵称,性别,省,市,头像,姓名,电话
微信昵称,性别,省,市,头像,姓名,电话
微信昵称,性别,省,市,头像,姓名,电话
微信昵称,性别,省,市,头像,姓名,电话
微信昵称,性别,省,市,头像,姓名,电话
微信昵称,性别,省,市,头像,姓名,电话
微信昵称,性别,省,市,头像,姓名,电话
微信昵称,性别,省,市,头像,姓名,电话
微信昵称,性别,省,市,头像,姓名,电话
微信昵称,性别,省,市,头像,姓名,电话
微信昵称,性别,省,市,头像,姓名,电话
微信昵称,性别,省,市,头像,姓名,电话
微信昵称,性别,省,市,头像,姓名,电话
微信昵称,性别,省,市,头像,姓名,电话
微信昵称,性别,省,市,头像,姓名,电话
微信昵称,性别,省,市,头像,姓名,电话
微信昵称,性别,省,市,头像,姓名,电话
微信昵称,性别,省,市,头像,姓名,电话
微信昵称,性别,省,市,头像,姓名,电话
微信昵称,性别,省,市,头像,姓名,电话
微信昵称,性别,省,市,头像,姓名,电话
微信昵称,性别,省,市,头像,姓名,电话
微信昵称,性别,省,市,头像,姓名,电话
微信昵称,性别,省,市,头像,姓名,电话
微信昵称,性别,省,市,头像,姓名,电话
微信昵称,性别,省,市,头像,姓名,电话
微信昵称,性别,省,市,头像,姓名,电话
微信昵称,性别,省,市,头像,姓名,电话
微信昵称,性别,省,市,头像,姓名,电话
微信昵称,性别,省,市,头像,姓名,电话
微信昵称,性别,省,市,头像,姓名,电话
微信昵称,性别,省,市,头像,姓名,电话
微信昵称,性别,省,市,头像,姓名,电话
微信昵称,性别,省,市,头像,姓名,电话
微信昵称,性别,省,市,头像,姓名,电话
微信昵称,性别,省,市,头像,姓名,电话
微信昵称,性别,省,市,头像,姓名,电话
微信昵称,性别,省,市,头像,姓名,电话
微信昵称,性别,省,市,头像,姓名,电话
微信昵称,性别,省,市,头像,姓名,电话
微信昵称,性别,省,市,头像,姓名,电话
微信昵称,性别,省,市,头像,姓名,电话
微信昵称,性别,省,市,头像,姓名,电话
微信昵称,性别,省,市,头像,姓名,电话
微信昵称,性别,省,市,头像,姓名,电话
微信昵称,性别,省,市,头像,姓名,电话
微信昵称,性别,省,市,头像,姓名,电话
微信昵称,性别,省,市,头像,姓名,电话
微信昵称,性别,省,市,头像,姓名,电话
微信昵称,性别,省,市,头像,姓名,电话
微信昵称,性别,省,市,头像,姓名,电话
微信昵称,性别,省,市,头像,姓名,电话
微信昵称,性别,省,市,头像,姓名,电话
微信昵称,性别,省,市,头像,姓名,电话
微信昵称,性别,省,市,头像,姓名,电话
微信昵称,性别,省,市,头像,姓名,电话
微信昵称,性别,省,市,头像,姓名,电话
微信昵称,性别,省,市,头像,姓名,电话
微信昵称,性别,省,市,头像,姓名,电话
微信昵称,性别,省,市,头像,姓名,电话
微信昵称,性别,省,市,头像,姓名,电话
微信昵称,性别,省,市,头像,姓名,电话
微信昵称,性别,省,市,头像,姓名,电话
微信昵称,性别,省,市,头像,姓名,电话
微信昵称,性别,省,市,头像,姓名,电话
微信昵称,性别,省,市,头像,姓名,电话
微信昵称,性别,省,市,头像,姓名,电话
微信昵称,性别,省,市,头像,姓名,电话
微信昵称,性别,省,市,头像,姓名,电话
微信昵称,性别,省,市,头像,姓名,电话
微信昵称,性别,省,市,头像,姓名,电话
微信昵称,性别,省,市,头像,姓名,电话
微信昵称,性别,省,市,头像,姓名,电话
微信昵称,性别,省,市,头像,姓名,电话
微信昵称,性别,省,市,头像,姓名,电话
微信昵称,性别,省,市,头像,姓名,电话
微信昵称,性别,省,市,头像,姓名,电话
微信昵称,性别,省,市,头像,姓名,电话
微信昵称,性别,省,市,头像,姓名,电话
微信昵称,性别,省,市,头像,姓名,电话
微信昵称,性别,省,市,头像,姓名,电话
微信昵称,性别,省,市,头像,姓名,电话
微信昵称,性别,省,市,头像,姓名,电话
微信昵称,性别,省,市,头像,姓名,电话
微信昵称,性别,省,市,头像,姓名,电话
微信昵称,性别,省,市,头像,姓名,电话
微信昵称,性别,省,市,头像,姓名,电话
微信昵称,性别,省,市,头像,姓名,电话
微信昵称,性别,省,市,头像,姓名,电话
微信昵称,性别,省,市,头像,姓名,电话
微信昵称,性别,省,市,头像,姓名,电话
微信昵称,性别,省,市,头像,姓名,电话
微信昵称,性别,省,市,头像,姓名,电话
微信昵称,性别,省,市,头像,姓名,电话
微信昵称,性别,省,市,头像,姓名,电话
微信昵称,性别,省,市,头像,姓名,电话
微信昵称,性别,省,市,头像,姓名,电话
微信昵称,性别,省,市,头像,姓名,电话
微信昵称,性别,省,市,头像,姓名,电话
微信昵称,性别,省,市,头像,姓名,电话
微信昵称,性别,省,市,头像,姓名,电话
微信昵称,性别,省,市,头像,姓名,电话
微信昵称,性别,省,市,头像,姓名,电话
微信昵称,性别,省,市,头像,姓名,电话
微信昵称,性别,省,市,头像,姓名,电话
微信昵称,性别,省,市,头像,姓名,电话
微信昵称,性别,省,市,头像,姓名,电话
微信昵称,性别,省,市,头像,姓名,电话
微信昵称,性别,省,市,头像,姓名,电话
微信昵称,性别,省,市,头像,姓名,电话
微信昵称,性别,省,市,头像,姓名,电话
微信昵称,性别,省,市,头像,姓名,电话
微信昵称,性别,省,市,头像,姓名,电话
微信昵称,性别,省,市,头像,姓名,电话
微信昵称,性别,省,市,头像,姓名,电话
微信昵称,性别,省,市,头像,姓名,电话
微信昵称,性别,省,市,头像,姓名,电话
微信昵称,性别,省,市,头像,姓名,电话
微信昵称,性别,省,市,头像,姓名,电话
微信昵称,性别,省,市,头像,姓名,电话
微信昵称,性别,省,市,头像,姓名,电话
微信昵称,性别,省,市,头像,姓名,电话
微信昵称,性别,省,市,头像,姓名,电话
微信昵称,性别,省,市,头像,姓名,电话
微信昵称,性别,省,市,头像,姓名,电话
微信昵称,性别,省,市,头像,姓名,电话
微信昵称,性别,省,市,头像,姓名,电话
微信昵称,性别,省,市,头像,姓名,电话
微信昵称,性别,省,市,头像,姓名,电话
微信昵称,性别,省,市,头像,姓名,电话
微信昵称,性别,省,市,头像,姓名,电话
微信昵称,性别,省,市,头像,姓名,电话
微信昵称,性别,省,市,头像,姓名,电话
微信昵称,性别,省,市,头像,姓名,电话
微信昵称,性别,省,市,头像,姓名,电话
微信昵称,性别,省,市,头像,姓名,电话
微信昵称,性别,省,市,头像,姓名,电话
微信昵称,性别,省,市,头像,姓名,电话
微信昵称,性别,省,市,头像,姓名,电话
微信昵称,性别,省,市,头像,姓名,电话
微信昵称,性别,省,市,头像,姓名,电话
微信昵称,性别,省,市,头像,姓名,电话
微信昵称,性别,省,市,头像,姓名,电话
微信昵称,性别,省,市,头像,姓名,电话
微信昵称,性别,省,市,头像,姓名,电话
微信昵称,性别,省,市,头像,姓名,电话
微信昵称,性别,省,市,头像,姓名,电话
微信昵称,性别,省,市,头像,姓名,电话
微信昵称,性别,省,市,头像,姓名,电话
微信昵称,性别,省,市,头像,姓名,电话
微信昵称,性别,省,市,头像,姓名,电话
微信昵称,性别,省,市,头像,姓名,电话
微信昵称,性别,省,市,头像,姓名,电话
微信昵称,性别,省,市,头像,姓名,电话
微信昵称,性别,省,市,头像,姓名,电话
微信昵称,性别,省,市,头像,姓名,电话
微信昵称,性别,省,市,头像,姓名,电话
微信昵称,性别,省,市,头像,姓名,电话
微信昵称,性别,省,市,头像,姓名,电话
微信昵称,性别,省,市,头像,姓名,电话
微信昵称,性别,省,市,头像,姓名,电话
微信昵称,性别,省,市,头像,姓名,电话
微信昵称,性别,省,市,头像,姓名,电话
微信昵称,性别,省,市,头像,姓名,电话
微信昵称,性别,省,市,头像,姓名,电话
微信昵称,性别,省,市,头像,姓名,电话
微信昵称,性别,省,市,头像,姓名,电话
微信昵称,性别,省,市,头像,姓名,电话
微信昵称,性别,省,市,头像,姓名,电话
微信昵称,性别,省,市,头像,姓名,电话
微信昵称,性别,省,市,头像,姓名,电话
微信昵称,性别,省,市,头像,姓名,电话
微信昵称,性别,省,市,头像,姓名,电话
微信昵称,性别,省,市,头像,姓名,电话
微信昵称,性别,省,市,头像,姓名,电话
微信昵称,性别,省,市,头像,姓名,电话
微信昵称,性别,省,市,头像,姓名,电话
微信昵称,性别,省,市,头像,姓名,电话
微信昵称,性别,省,市,头像,姓名,电话
微信昵称,性别,省,市,头像,姓名,电话
微信昵称,性别,省,市,头像,姓名,电话
微信昵称,性别,省,市,头像,姓名,电话
微信昵称,性别,省,市,头像,姓名,电话
微信昵称,性别,省,市,头像,姓名,电话
微信昵称,性别,省,市,头像,姓名,电话
微信昵称,性别,省,市,头像,姓名,电话
微信昵称,性别,省,市,头像,姓名,电话
微信昵称,性别,省,市,头像,姓名,电话
微信昵称,性别,省,市,头像,姓名,电话
微信昵称,性别,省,市,头像,姓名,电话
微信昵称,性别,省,市,头像,姓名,电话
微信昵称,性别,省,市,头像,姓名,电话
微信昵称,性别,省,市,头像,姓名,电话
微信昵称,性别,省,市,头像,姓名,电话
微信昵称,性别,省,市,头像,姓名,电话
微信昵称,性别,省,市,头像,姓名,电话
微信昵称,性别,省,市,头像,姓名,电话
微信昵称,性别,省,市,头像,姓名,电话
微信昵称,性别,省,市,头像,姓名,电话
微信昵称,性别,省,市,头像,姓名,电话
微信昵称,性别,省,市,头像,姓名,电话
微信昵称,性别,省,市,头像,姓名,电话
微信昵称,性别,省,市,头像,姓名,电话
微信昵称,性别,省,市,头像,姓名,电话
微信昵称,性别,省,市,头像,姓名,电话
微信昵称,性别,省,市,头像,姓名,电话
微信昵称,性别,省,市,头像,姓名,电话
微信昵称,性别,省,市,头像,姓名,电话
微信昵称,性别,省,市,头像,姓名,电话
微信昵称,性别,省,市,头像,姓名,电话
微信昵称,性别,省,市,头像,姓名,电话
微信昵称,性别,省,市,头像,姓名,电话
微信昵称,性别,省,市,头像,姓名,电话
微信昵称,性别,省,市,头像,姓名,电话
微信昵称,性别,省,市,头像,姓名,电话
微信昵称,性别,省,市,头像,姓名,电话
微信昵称,性别,省,市,头像,姓名,电话
微信昵称,性别,省,市,头像,姓名,电话
微信昵称,性别,省,市,头像,姓名,电话
微信昵称,性别,省,市,头像,姓名,电话
微信昵称,性别,省,市,头像,姓名,电话
微信昵称,性别,省,市,头像,姓名,电话
微信昵称,性别,省,市,头像,姓名,电话
微信昵称,性别,省,市,头像,姓名,电话
微信昵称,性别,省,市,头像,姓名,电话
微信昵称,性别,省,市,头像,姓名,电话
微信昵称,性别,省,市,头像,姓名,电话
微信昵称,性别,省,市,头像,姓名,电话
微信昵称,性别,省,市,头像,姓名,电话
微信昵称,性别,省,市,头像,姓名,电话
微信昵称,性别,省,市,头像,姓名,电话
微信昵称,性别,省,市,头像,姓名,电话
微信昵称,性别,省,市,头像,姓名,电话
微信昵称,性别,省,市,头像,姓名,电话
微信昵称,性别,省,市,头像,姓名,电话
微信昵称,性别,省,市,头像,姓名,电话
微信昵称,性别,省,市,头像,姓名,电话
微信昵称,性别,省,市,头像,姓名,电话
微信昵称,性别,省,市,头像,姓名,电话
微信昵称,性别,省,市,头像,姓名,电话
微信昵称,性别,省,市,头像,姓名,电话
微信昵称,性别,省,市,头像,姓名,电话
微信昵称,性别,省,市,头像,姓名,电话
微信昵称,性别,省,市,头像,姓名,电话
微信昵称,性别,省,市,头像,姓名,电话
微信昵称,性别,省,市,头像,姓名,电话
微信昵称,性别,省,市,头像,姓名,电话
微信昵称,性别,省,市,头像,姓名,电话
微信昵称,性别,省,市,头像,姓名,电话
微信昵称,性别,省,市,头像,姓名,电话
微信昵称,性别,省,市,头像,姓名,电话
微信昵称,性别,省,市,头像,姓名,电话
微信昵称,性别,省,市,头像,姓名,电话
微信昵称,性别,省,市,头像,姓名,电话
微信昵称,性别,省,市,头像,姓名,电话
微信昵称,性别,省,市,头像,姓名,电话
微信昵称,性别,省,市,头像,姓名,电话
微信昵称,性别,省,市,头像,姓名,电话
微信昵称,性别,省,市,头像,姓名,电话
微信昵称,性别,省,市,头像,姓名,电话
微信昵称,性别,省,市,头像,姓名,电话
微信昵称,性别,省,市,头像,姓名,电话
微信昵称,性别,省,市,头像,姓名,电话
微信昵称,性别,省,市,头像,姓名,电话
微信昵称,性别,省,市,头像,姓名,电话
微信昵称,性别,省,市,头像,姓名,电话
微信昵称,性别,省,市,头像,姓名,电话
微信昵称,性别,省,市,头像,姓名,电话
微信昵称,性别,省,市,头像,姓名,电话
微信昵称,性别,省,市,头像,姓名,电话
微信昵称,性别,省,市,头像,姓名,电话
微信昵称,性别,省,市,头像,姓名,电话
微信昵称,性别,省,市,头像,姓名,电话
微信昵称,性别,省,市,头像,姓名,电话
微信昵称,性别,省,市,头像,姓名,电话
微信昵称,性别,省,市,头像,姓名,电话
微信昵称,性别,省,市,头像,姓名,电话
微信昵称,性别,省,市,头像,姓名,电话
微信昵称,性别,省,市,头像,姓名,电话
微信昵称,性别,省,市,头像,姓名,电话
微信昵称,性别,省,市,头像,姓名,电话
微信昵称,性别,省,市,头像,姓名,电话
微信昵称,性别,省,市,头像,姓名,电话
微信昵称,性别,省,市,头像,姓名,电话
微信昵称,性别,省,市,头像,姓名,电话
微信昵称,性别,省,市,头像,姓名,电话
微信昵称,性别,省,市,头像,姓名,电话
微信昵称,性别,省,市,头像,姓名,电话
微信昵称,性别,省,市,头像,姓名,电话
微信昵称,性别,省,市,头像,姓名,电话
微信昵称,性别,省,市,头像,姓名,电话
微信昵称,性别,省,市,头像,姓名,电话
微信昵称,性别,省,市,头像,姓名,电话
微信昵称,性别,省,市,头像,姓名,电话
微信昵称,性别,省,市,头像,姓名,电话
微信昵称,性别,省,市,头像,姓名,电话
微信昵称,性别,省,市,头像,姓名,电话
微信昵称,性别,省,市,头像,姓名,电话
微信昵称,性别,省,市,头像,姓名,电话
微信昵称,性别,省,市,头像,姓名,电话
微信昵称,性别,省,市,头像,姓名,电话
微信昵称,性别,省,市,头像,姓名,电话
微信昵称,性别,省,市,头像,姓名,电话
微信昵称,性别,省,市,头像,姓名,电话
微信昵称,性别,省,市,头像,姓名,电话
微信昵称,性别,省,市,头像,姓名,电话
微信昵称,性别,省,市,头像,姓名,电话
微信昵称,性别,省,市,头像,姓名,电话
微信昵称,性别,省,市,头像,姓名,电话
微信昵称,性别,省,市,头像,姓名,电话
微信昵称,性别,省,市,头像,姓名,电话
微信昵称,性别,省,市,头像,姓名,电话
微信昵称,性别,省,市,头像,姓名,电话
微信昵称,性别,省,市,头像,姓名,电话
微信昵称,性别,省,市,头像,姓名,电话
微信昵称,性别,省,市,头像,姓名,电话
微信昵称,性别,省,市,头像,姓名,电话
微信昵称,性别,省,市,头像,姓名,电话
微信昵称,性别,省,市,头像,姓名,电话
微信昵称,性别,省,市,头像,姓名,电话
微信昵称,性别,省,市,头像,姓名,电话
微信昵称,性别,省,市,头像,姓名,电话
微信昵称,性别,省,市,头像,姓名,电话
微信昵称,性别,省,市,头像,姓名,电话
微信昵称,性别,省,市,头像,姓名,电话
微信昵称,性别,省,市,头像,姓名,电话
微信昵称,性别,省,市,头像,姓名,电话
微信昵称,性别,省,市,头像,姓名,电话
微信昵称,性别,省,市,头像,姓名,电话
微信昵称,性别,省,市,头像,姓名,电话
微信昵称,性别,省,市,头像,姓名,电话
微信昵称,性别,省,市,头像,姓名,电话
微信昵称,性别,省,市,头像,姓名,电话
微信昵称,性别,省,市,头像,姓名,电话
微信昵称,性别,省,市,头像,姓名,电话
微信昵称,性别,省,市,头像,姓名,电话
微信昵称,性别,省,市,头像,姓名,电话
微信昵称,性别,省,市,头像,姓名,电话
微信昵称,性别,省,市,头像,姓名,电话
微信昵称,性别,省,市,头像,姓名,电话
微信昵称,性别,省,市,头像,姓名,电话
微信昵称,性别,省,市,头像,姓名,电话
微信昵称,性别,省,市,头像,姓名,电话
微信昵称,性别,省,市,头像,姓名,电话
微信昵称,性别,省,市,头像,姓名,电话
微信昵称,性别,省,市,头像,姓名,电话
微信昵称,性别,省,市,头像,姓名,电话
微信昵称,性别,省,市,头像,姓名,电话
微信昵称,性别,省,市,头像,姓名,电话
微信昵称,性别,省,市,头像,姓名,电话
微信昵称,性别,省,市,头像,姓名,电话
微信昵称,性别,省,市,头像,姓名,电话
微信昵称,性别,省,市,头像,姓名,电话
微信昵称,性别,省,市,头像,姓名,电话
微信昵称,性别,省,市,头像,姓名,电话
微信昵称,性别,省,市,头像,姓名,电话
微信昵称,性别,省,市,头像,姓名,电话
微信昵称,性别,省,市,头像,姓名,电话
微信昵称,性别,省,市,头像,姓名,电话
微信昵称,性别,省,市,头像,姓名,电话
微信昵称,性别,省,市,头像,姓名,电话
微信昵称,性别,省,市,头像,姓名,电话
微信昵称,性别,省,市,头像,姓名,电话
微信昵称,性别,省,市,头像,姓名,电话
微信昵称,性别,省,市,头像,姓名,电话
微信昵称,性别,省,市,头像,姓名,电话
微信昵称,性别,省,市,头像,姓名,电话
微信昵称,性别,省,市,头像,姓名,电话
微信昵称,性别,省,市,头像,姓名,电话
微信昵称,性别,省,市,头像,姓名,电话
微信昵称,性别,省,市,头像,姓名,电话
微信昵称,性别,省,市,头像,姓名,电话
微信昵称,性别,省,市,头像,姓名,电话
微信昵称,性别,省,市,头像,姓名,电话
微信昵称,性别,省,市,头像,姓名,电话
微信昵称,性别,省,市,头像,姓名,电话
微信昵称,性别,省,市,头像,姓名,电话
微信昵称,性别,省,市,头像,姓名,电话
微信昵称,性别,省,市,头像,姓名,电话
微信昵称,性别,省,市,头像,姓名,电话
微信昵称,性别,省,市,头像,姓名,电话
微信昵称,性别,省,市,头像,姓名,电话
微信昵称,性别,省,市,头像,姓名,电话
微信昵称,性别,省,市,头像,姓名,电话
微信昵称,性别,省,市,头像,姓名,电话
微信昵称,性别,省,市,头像,姓名,电话
微信昵称,性别,省,市,头像,姓名,电话
微信昵称,性别,省,市,头像,姓名,电话
微信昵称,性别,省,市,头像,姓名,电话
微信昵称,性别,省,市,头像,姓名,电话
微信昵称,性别,省,市,头像,姓名,电话
微信昵称,性别,省,市,头像,姓名,电话
微信昵称,性别,省,市,头像,姓名,电话
微信昵称,性别,省,市,头像,姓名,电话
微信昵称,性别,省,市,头像,姓名,电话
微信昵称,性别,省,市,头像,姓名,电话
微信昵称,性别,省,市,头像,姓名,电话
微信昵称,性别,省,市,头像,姓名,电话
微信昵称,性别,省,市,头像,姓名,电话
微信昵称,性别,省,市,头像,姓名,电话
微信昵称,性别,省,市,头像,姓名,电话
微信昵称,性别,省,市,头像,姓名,电话
微信昵称,性别,省,市,头像,姓名,电话
微信昵称,性别,省,市,头像,姓名,电话
微信昵称,性别,省,市,头像,姓名,电话
微信昵称,性别,省,市,头像,姓名,电话
微信昵称,性别,省,市,头像,姓名,电话
微信昵称,性别,省,市,头像,姓名,电话
微信昵称,性别,省,市,头像,姓名,电话
微信昵称,性别,省,市,头像,姓名,电话
微信昵称,性别,省,市,头像,姓名,电话
微信昵称,性别,省,市,头像,姓名,电话
微信昵称,性别,省,市,头像,姓名,电话
微信昵称,性别,省,市,头像,姓名,电话
微信昵称,性别,省,市,头像,姓名,电话
微信昵称,性别,省,市,头像,姓名,电话
微信昵称,性别,省,市,头像,姓名,电话
微信昵称,性别,省,市,头像,姓名,电话
微信昵称,性别,省,市,头像,姓名,电话
微信昵称,性别,省,市,头像,姓名,电话
微信昵称,性别,省,市,头像,姓名,电话
微信昵称,性别,省,市,头像,姓名,电话
微信昵称,性别,省,市,头像,姓名,电话
微信昵称,性别,省,市,头像,姓名,电话
微信昵称,性别,省,市,头像,姓名,电话
微信昵称,性别,省,市,头像,姓名,电话
微信昵称,性别,省,市,头像,姓名,电话
微信昵称,性别,省,市,头像,姓名,电话
微信昵称,性别,省,市,头像,姓名,电话
微信昵称,性别,省,市,头像,姓名,电话
微信昵称,性别,省,市,头像,姓名,电话
微信昵称,性别,省,市,头像,姓名,电话
微信昵称,性别,省,市,头像,姓名,电话
微信昵称,性别,省,市,头像,姓名,电话
微信昵称,性别,省,市,头像,姓名,电话
微信昵称,性别,省,市,头像,姓名,电话
微信昵称,性别,省,市,头像,姓名,电话
微信昵称,性别,省,市,头像,姓名,电话
微信昵称,性别,省,市,头像,姓名,电话
微信昵称,性别,省,市,头像,姓名,电话
微信昵称,性别,省,市,头像,姓名,电话
微信昵称,性别,省,市,头像,姓名,电话
微信昵称,性别,省,市,头像,姓名,电话
微信昵称,性别,省,市,头像,姓名,电话
微信昵称,性别,省,市,头像,姓名,电话
微信昵称,性别,省,市,头像,姓名,电话
微信昵称,性别,省,市,头像,姓名,电话
微信昵称,性别,省,市,头像,姓名,电话
微信昵称,性别,省,市,头像,姓名,电话
微信昵称,性别,省,市,头像,姓名,电话
微信昵称,性别,省,市,头像,姓名,电话
微信昵称,性别,省,市,头像,姓名,电话
微信昵称,性别,省,市,头像,姓名,电话
微信昵称,性别,省,市,头像,姓名,电话
微信昵称,性别,省,市,头像,姓名,电话
微信昵称,性别,省,市,头像,姓名,电话
微信昵称,性别,省,市,头像,姓名,电话
微信昵称,性别,省,市,头像,姓名,电话
微信昵称,性别,省,市,头像,姓名,电话
微信昵称,性别,省,市,头像,姓名,电话
微信昵称,性别,省,市,头像,姓名,电话
微信昵称,性别,省,市,头像,姓名,电话
微信昵称,性别,省,市,头像,姓名,电话
微信昵称,性别,省,市,头像,姓名,电话
微信昵称,性别,省,市,头像,姓名,电话
微信昵称,性别,省,市,头像,姓名,电话
微信昵称,性别,省,市,头像,姓名,电话
微信昵称,性别,省,市,头像,姓名,电话
微信昵称,性别,省,市,头像,姓名,电话
微信昵称,性别,省,市,头像,姓名,电话
微信昵称,性别,省,市,头像,姓名,电话
微信昵称,性别,省,市,头像,姓名,电话
微信昵称,性别,省,市,头像,姓名,电话
微信昵称,性别,省,市,头像,姓名,电话
微信昵称,性别,省,市,头像,姓名,电话
微信昵称,性别,省,市,头像,姓名,电话
微信昵称,性别,省,市,头像,姓名,电话
微信昵称,性别,省,市,头像,姓名,电话
微信昵称,性别,省,市,头像,姓名,电话
微信昵称,性别,省,市,头像,姓名,电话
微信昵称,性别,省,市,头像,姓名,电话
微信昵称,性别,省,市,头像,姓名,电话
微信昵称,性别,省,市,头像,姓名,电话
微信昵称,性别,省,市,头像,姓名,电话
微信昵称,性别,省,市,头像,姓名,电话
微信昵称,性别,省,市,头像,姓名,电话
微信昵称,性别,省,市,头像,姓名,电话
微信昵称,性别,省,市,头像,姓名,电话
微信昵称,性别,省,市,头像,姓名,电话
微信昵称,性别,省,市,头像,姓名,电话
微信昵称,性别,省,市,头像,姓名,电话
微信昵称,性别,省,市,头像,姓名,电话
微信昵称,性别,省,市,头像,姓名,电话
微信昵称,性别,省,市,头像,姓名,电话
微信昵称,性别,省,市,头像,姓名,电话
微信昵称,性别,省,市,头像,姓名,电话
微信昵称,性别,省,市,头像,姓名,电话
微信昵称,性别,省,市,头像,姓名,电话
微信昵称,性别,省,市,头像,姓名,电话
微信昵称,性别,省,市,头像,姓名,电话
微信昵称,性别,省,市,头像,姓名,电话
微信昵称,性别,省,市,头像,姓名,电话
微信昵称,性别,省,市,头像,姓名,电话
微信昵称,性别,省,市,头像,姓名,电话
微信昵称,性别,省,市,头像,姓名,电话
微信昵称,性别,省,市,头像,姓名,电话
微信昵称,性别,省,市,头像,姓名,电话
微信昵称,性别,省,市,头像,姓名,电话
微信昵称,性别,省,市,头像,姓名,电话
微信昵称,性别,省,市,头像,姓名,电话
微信昵称,性别,省,市,头像,姓名,电话
微信昵称,性别,省,市,头像,姓名,电话
微信昵称,性别,省,市,头像,姓名,电话
微信昵称,性别,省,市,头像,姓名,电话
微信昵称,性别,省,市,头像,姓名,电话
微信昵称,性别,省,市,头像,姓名,电话
微信昵称,性别,省,市,头像,姓名,电话
微信昵称,性别,省,市,头像,姓名,电话
微信昵称,性别,省,市,头像,姓名,电话
微信昵称,性别,省,市,头像,姓名,电话
微信昵称,性别,省,市,头像,姓名,电话
微信昵称,性别,省,市,头像,姓名,电话
微信昵称,性别,省,市,头像,姓名,电话
微信昵称,性别,省,市,头像,姓名,电话
微信昵称,性别,省,市,头像,姓名,电话
微信昵称,性别,省,市,头像,姓名,电话
微信昵称,性别,省,市,头像,姓名,电话
微信昵称,性别,省,市,头像,姓名,电话
微信昵称,性别,省,市,头像,姓名,电话
微信昵称,性别,省,市,头像,姓名,电话
微信昵称,性别,省,市,头像,姓名,电话
微信昵称,性别,省,市,头像,姓名,电话
微信昵称,性别,省,市,头像,姓名,电话
微信昵称,性别,省,市,头像,姓名,电话
微信昵称,性别,省,市,头像,姓名,电话
微信昵称,性别,省,市,头像,姓名,电话
微信昵称,性别,省,市,头像,姓名,电话
微信昵称,性别,省,市,头像,姓名,电话
微信昵称,性别,省,市,头像,姓名,电话
微信昵称,性别,省,市,头像,姓名,电话
微信昵称,性别,省,市,头像,姓名,电话
微信昵称,性别,省,市,头像,姓名,电话
微信昵称,性别,省,市,头像,姓名,电话
微信昵称,性别,省,市,头像,姓名,电话
微信昵称,性别,省,市,头像,姓名,电话
微信昵称,性别,省,市,头像,姓名,电话
微信昵称,性别,省,市,头像,姓名,电话
微信昵称,性别,省,市,头像,姓名,电话
微信昵称,性别,省,市,头像,姓名,电话
微信昵称,性别,省,市,头像,姓名,电话
微信昵称,性别,省,市,头像,姓名,电话
微信昵称,性别,省,市,头像,姓名,电话
微信昵称,性别,省,市,头像,姓名,电话
微信昵称,性别,省,市,头像,姓名,电话
微信昵称,性别,省,市,头像,姓名,电话
微信昵称,性别,省,市,头像,姓名,电话
微信昵称,性别,省,市,头像,姓名,电话
微信昵称,性别,省,市,头像,姓名,电话
微信昵称,性别,省,市,头像,姓名,电话
微信昵称,性别,省,市,头像,姓名,电话
微信昵称,性别,省,市,头像,姓名,电话
微信昵称,性别,省,市,头像,姓名,电话
微信昵称,性别,省,市,头像,姓名,电话
微信昵称,性别,省,市,头像,姓名,电话
微信昵称,性别,省,市,头像,姓名,电话
微信昵称,性别,省,市,头像,姓名,电话
微信昵称,性别,省,市,头像,姓名,电话
微信昵称,性别,省,市,头像,姓名,电话
微信昵称,性别,省,市,头像,姓名,电话
微信昵称,性别,省,市,头像,姓名,电话
微信昵称,性别,省,市,头像,姓名,电话
微信昵称,性别,省,市,头像,姓名,电话
微信昵称,性别,省,市,头像,姓名,电话
微信昵称,性别,省,市,头像,姓名,电话
微信昵称,性别,省,市,头像,姓名,电话
微信昵称,性别,省,市,头像,姓名,电话
微信昵称,性别,省,市,头像,姓名,电话
微信昵称,性别,省,市,头像,姓名,电话
微信昵称,性别,省,市,头像,姓名,电话
微信昵称,性别,省,市,头像,姓名,电话
微信昵称,性别,省,市,头像,姓名,电话
微信昵称,性别,省,市,头像,姓名,电话
微信昵称,性别,省,市,头像,姓名,电话
微信昵称,性别,省,市,头像,姓名,电话
微信昵称,性别,省,市,头像,姓名,电话
微信昵称,性别,省,市,头像,姓名,电话
微信昵称,性别,省,市,头像,姓名,电话
微信昵称,性别,省,市,头像,姓名,电话
微信昵称,性别,省,市,头像,姓名,电话
微信昵称,性别,省,市,头像,姓名,电话
微信昵称,性别,省,市,头像,姓名,电话
微信昵称,性别,省,市,头像,姓名,电话
微信昵称,性别,省,市,头像,姓名,电话
微信昵称,性别,省,市,头像,姓名,电话
微信昵称,性别,省,市,头像,姓名,电话
微信昵称,性别,省,市,头像,姓名,电话
微信昵称,性别,省,市,头像,姓名,电话
微信昵称,性别,省,市,头像,姓名,电话
微信昵称,性别,省,市,头像,姓名,电话
微信昵称,性别,省,市,头像,姓名,电话
微信昵称,性别,省,市,头像,姓名,电话
微信昵称,性别,省,市,头像,姓名,电话
微信昵称,性别,省,市,头像,姓名,电话
微信昵称,性别,省,市,头像,姓名,电话
微信昵称,性别,省,市,头像,姓名,电话
微信昵称,性别,省,市,头像,姓名,电话
微信昵称,性别,省,市,头像,姓名,电话
微信昵称,性别,省,市,头像,姓名,电话
微信昵称,性别,省,市,头像,姓名,电话
微信昵称,性别,省,市,头像,姓名,电话
微信昵称,性别,省,市,头像,姓名,电话
微信昵称,性别,省,市,头像,姓名,电话
微信昵称,性别,省,市,头像,姓名,电话
微信昵称,性别,省,市,头像,姓名,电话
微信昵称,性别,省,市,头像,姓名,电话
微信昵称,性别,省,市,头像,姓名,电话
微信昵称,性别,省,市,头像,姓名,电话
微信昵称,性别,省,市,头像,姓名,电话
微信昵称,性别,省,市,头像,姓名,电话
微信昵称,性别,省,市,头像,姓名,电话
微信昵称,性别,省,市,头像,姓名,电话
微信昵称,性别,省,市,头像,姓名,电话
微信昵称,性别,省,市,头像,姓名,电话
微信昵称,性别,省,市,头像,姓名,电话
微信昵称,性别,省,市,头像,姓名,电话
微信昵称,性别,省,市,头像,姓名,电话
微信昵称,性别,省,市,头像,姓名,电话
微信昵称,性别,省,市,头像,姓名,电话
微信昵称,性别,省,市,头像,姓名,电话
微信昵称,性别,省,市,头像,姓名,电话
微信昵称,性别,省,市,头像,姓名,电话
微信昵称,性别,省,市,头像,姓名,电话
